{"cameraMode":{"drawMode":0,"name":"Shaded","section":"Shading Mode"},"sceneLighting":false,"audioPlay":false,"sceneViewState":{"showFog":true,"showMaterialUpdate":false,"showSkybox":false,"showFlares":true,"showImageEffects":true,"showParticleSystems":true},"in2DMode":false,"pivot":{"x":31.610000610351564,"y":3.009999990463257,"z":7.264999866485596},"rotation":{"x":0.04045146331191063,"y":-0.6200278997421265,"z":0.027108237147331239,"w":0.7834538221359253},"size":3.2613301277160646,"orthographic":true}